index,timestamp,SRN,status,gate_allocated,wait_time
1,2023-04-13 19:28:14,PES706473538,allowed,2,17
2,2023-04-17 07:20:38,PES204035234,allowed,3,8
3,2023-05-02 18:22:10,PES047780184,not allowed,4,22
4,2023-03-29 20:35:39,PES487287024,not allowed,3,14
5,2023-06-01 02:21:52,PES005144913,not allowed,1,1
6,2023-09-15 23:43:29,PES286963105,not allowed,2,6
7,2023-10-21 01:59:20,PES793287537,not allowed,3,24
8,2023-06-10 11:57:21,PES752469752,allowed,2,8
9,2023-09-10 11:24:48,PES639591157,allowed,1,28
10,2023-02-28 09:27:59,PES746910286,not allowed,3,14
11,2023-09-28 14:50:43,PES194669915,allowed,3,6
12,2023-02-24 19:56:02,PES753392762,not allowed,4,16
13,2023-11-03 06:20:08,PES501123186,not allowed,2,28
14,2023-06-16 17:03:24,PES855380225,not allowed,1,28
15,2023-11-12 13:49:57,PES477130265,not allowed,1,19
16,2023-09-22 20:01:19,PES300832059,allowed,1,20
17,2023-04-02 14:59:06,PES323200786,not allowed,1,24
18,2023-09-21 14:34:13,PES681380089,not allowed,4,20
19,2023-03-22 03:49:39,PES582463116,not allowed,1,16
20,2023-01-02 05:53:41,PES126790966,allowed,4,9
21,2023-09-17 21:28:17,PES343274605,allowed,4,30
22,2023-08-06 11:33:09,PES589873204,allowed,3,8
23,2023-09-27 15:14:07,PES783377807,allowed,4,25
24,2023-08-03 07:20:15,PES836030269,allowed,3,22
25,2023-08-25 17:46:52,PES229569416,not allowed,3,21
26,2023-10-07 12:40:28,PES229155044,allowed,2,14
27,2023-01-15 12:00:24,PES343677408,not allowed,4,10
28,2023-11-23 08:23:00,PES041295064,not allowed,1,15
29,2023-05-16 23:10:50,PES957529990,not allowed,4,8
30,2023-03-22 07:34:34,PES306727236,not allowed,1,29
31,2023-10-16 04:41:38,PES729159344,allowed,4,19
32,2023-02-10 06:08:07,PES164471700,not allowed,2,21
33,2023-09-25 01:32:47,PES138070308,allowed,1,19
34,2023-03-03 23:36:34,PES764427301,not allowed,4,9
35,2023-06-21 07:21:26,PES001067115,not allowed,4,14
36,2023-02-04 00:34:36,PES434181968,not allowed,3,29
37,2023-05-11 00:04:25,PES431137311,not allowed,3,7
38,2023-09-12 13:38:26,PES032686770,allowed,2,25
39,2023-07-26 14:25:41,PES335432884,allowed,3,17
40,2023-06-28 06:48:51,PES829436254,not allowed,1,25
41,2023-04-06 03:29:36,PES779995123,allowed,1,4
42,2023-08-19 12:14:42,PES511213271,allowed,3,6
43,2023-01-29 03:12:31,PES718189989,allowed,4,8
44,2023-11-23 18:21:27,PES039388758,allowed,3,18
45,2023-03-07 09:44:56,PES644619720,not allowed,4,26
46,2023-05-14 11:43:19,PES060473133,allowed,1,10
47,2023-10-13 10:57:54,PES812484301,allowed,1,2
48,2023-12-14 06:32:00,PES427111958,not allowed,3,17
49,2023-10-10 19:12:40,PES853522193,allowed,4,2
50,2023-09-16 06:05:07,PES762732140,allowed,4,14
51,2023-05-17 04:32:50,PES579065228,not allowed,1,6
52,2023-08-22 11:23:14,PES118682828,not allowed,2,5
53,2023-11-11 21:31:31,PES755961123,not allowed,3,26
54,2023-08-21 19:48:48,PES552639236,not allowed,2,25
55,2023-02-21 11:38:01,PES179811993,allowed,3,30
56,2023-04-23 04:48:55,PES743694055,not allowed,3,13
57,2023-03-22 16:01:01,PES998477600,allowed,1,26
58,2023-08-08 21:22:36,PES503230620,allowed,3,11
59,2023-08-12 00:00:18,PES594078247,allowed,3,4
60,2023-05-06 01:52:43,PES801645383,allowed,4,27
61,2023-08-06 05:31:54,PES517292063,allowed,2,1
62,2023-11-20 22:10:55,PES261904192,not allowed,3,16
63,2023-05-03 16:37:23,PES488419500,allowed,2,16
64,2023-11-21 19:33:05,PES377456537,not allowed,1,15
65,2023-08-28 15:32:08,PES695282800,not allowed,2,27
66,2023-05-04 05:15:28,PES589565630,not allowed,3,22
67,2023-09-16 19:59:58,PES741760661,allowed,4,18
68,2023-12-12 02:18:19,PES653565439,not allowed,2,24
69,2023-12-18 06:51:40,PES181531419,allowed,4,14
70,2023-05-08 06:17:39,PES741485828,allowed,4,16
71,2023-05-09 10:27:56,PES854920811,not allowed,2,24
72,2023-05-31 09:34:06,PES973373744,not allowed,1,3
73,2023-09-09 15:25:47,PES764763933,not allowed,4,8
74,2023-03-01 16:01:00,PES301627556,allowed,3,30
75,2023-10-31 11:04:36,PES011294740,allowed,1,19
76,2023-06-09 22:08:40,PES014522739,allowed,2,30
77,2023-04-09 18:47:15,PES018166239,not allowed,4,29
78,2023-05-11 19:23:53,PES030197973,not allowed,3,1
79,2023-04-30 00:23:51,PES856486757,not allowed,2,30
80,2023-03-16 16:07:35,PES077096499,allowed,3,6
81,2023-04-14 19:34:47,PES683226129,not allowed,3,12
82,2023-04-09 17:45:17,PES377251054,not allowed,2,17
83,2023-07-13 21:34:15,PES555322369,not allowed,1,24
84,2023-06-18 03:32:03,PES304441590,not allowed,3,28
85,2023-10-16 13:20:47,PES316303348,not allowed,1,6
86,2023-05-15 02:16:32,PES935946012,not allowed,1,23
87,2023-06-25 11:58:50,PES997299278,not allowed,3,11
88,2023-01-22 13:29:37,PES586603194,not allowed,1,9
89,2023-08-18 12:50:53,PES112812593,not allowed,4,20
90,2023-09-21 01:20:29,PES609443149,allowed,2,26
91,2023-04-07 14:32:04,PES617160216,not allowed,3,26
92,2023-11-13 15:18:03,PES714668820,not allowed,4,4
93,2023-02-04 16:16:43,PES653114634,allowed,4,9
94,2023-08-08 13:52:05,PES920973036,not allowed,4,8
95,2023-04-09 08:36:23,PES849095082,allowed,3,15
96,2023-12-15 16:45:52,PES747360478,not allowed,4,4
97,2023-04-05 02:59:32,PES438056476,allowed,3,2
98,2023-04-26 20:31:22,PES639016439,allowed,3,23
99,2023-06-10 02:17:24,PES354940757,allowed,1,18
100,2023-08-11 21:57:02,PES693134730,not allowed,3,29
101,2023-12-26 13:23:49,PES506709840,not allowed,1,10
102,2023-10-15 14:21:22,PES875104213,allowed,2,13
103,2023-05-07 09:01:25,PES823911048,allowed,2,6
104,2023-09-30 07:32:08,PES579732440,allowed,1,16
105,2023-10-26 21:47:38,PES814309853,not allowed,3,4
106,2023-06-19 22:25:34,PES605526993,not allowed,4,16
107,2023-11-02 23:12:59,PES164429263,allowed,3,8
108,2023-11-09 03:44:19,PES385551942,not allowed,4,3
109,2023-11-17 07:45:15,PES103771242,allowed,2,23
110,2023-05-22 11:50:22,PES210055546,allowed,3,3
111,2023-05-23 01:01:31,PES874896318,not allowed,2,18
112,2023-08-03 21:50:24,PES244196964,not allowed,4,29
113,2023-07-05 21:57:57,PES714220183,allowed,4,13
114,2023-12-08 16:51:41,PES334418054,allowed,2,13
115,2023-11-22 14:53:42,PES174288313,allowed,3,25
116,2023-04-11 00:07:52,PES734750587,allowed,1,21
117,2023-03-01 11:43:04,PES641063865,allowed,4,20
118,2023-04-13 03:05:44,PES043047972,not allowed,1,3
119,2023-12-16 14:34:54,PES897821124,allowed,2,25
120,2023-11-04 15:12:49,PES055572296,allowed,3,2
121,2023-05-04 09:29:18,PES986170417,not allowed,3,5
122,2023-05-25 23:18:27,PES017723409,allowed,3,25
123,2023-02-27 22:25:36,PES565078965,not allowed,1,25
124,2023-04-27 22:08:11,PES418980342,not allowed,2,9
125,2023-05-09 00:46:33,PES262511270,allowed,4,9
126,2023-04-06 21:47:24,PES104350298,not allowed,3,22
127,2023-08-25 20:00:15,PES102579676,not allowed,3,7
128,2023-07-08 06:04:21,PES656044329,allowed,2,12
129,2023-12-15 22:02:11,PES844236411,allowed,4,19
130,2023-06-03 15:50:36,PES798961028,allowed,3,30
131,2023-03-27 13:27:04,PES253243346,allowed,1,16
132,2023-02-16 16:29:45,PES431283103,not allowed,4,11
133,2023-07-23 15:25:25,PES163074516,not allowed,1,16
134,2023-12-07 06:35:32,PES596983959,not allowed,4,14
135,2023-09-11 04:22:57,PES857467835,allowed,2,29
136,2023-01-10 21:04:35,PES820225351,allowed,3,30
137,2023-10-17 19:30:09,PES798866261,not allowed,4,21
138,2023-09-07 18:57:31,PES151016485,not allowed,3,4
139,2023-09-14 23:04:44,PES880182216,allowed,3,8
140,2023-01-04 15:23:15,PES772171190,not allowed,3,19
141,2023-09-04 01:48:27,PES420824799,not allowed,2,16
142,2023-06-09 19:23:11,PES417027366,not allowed,3,22
143,2023-06-27 02:59:32,PES318456477,allowed,2,14
144,2023-06-28 10:36:11,PES706763459,allowed,3,23
145,2023-11-19 00:32:39,PES811090281,allowed,1,12
146,2023-11-26 10:43:28,PES478032633,not allowed,3,11
147,2023-01-12 13:01:50,PES009686068,not allowed,4,29
148,2023-08-30 02:22:16,PES246136023,not allowed,2,16
149,2023-03-31 07:28:25,PES083057277,allowed,1,28
150,2023-03-31 01:50:40,PES033096391,allowed,3,21
151,2023-07-15 20:49:44,PES288708602,not allowed,1,14
152,2023-03-16 23:35:24,PES783167935,not allowed,3,21
153,2023-10-04 03:09:36,PES968193693,allowed,2,11
154,2023-07-11 02:48:34,PES627450871,not allowed,1,18
155,2023-02-05 17:48:38,PES646592861,allowed,4,1
156,2023-04-06 23:22:31,PES699216746,allowed,4,22
157,2023-02-06 11:48:54,PES384395199,allowed,1,28
158,2023-01-13 22:24:34,PES316507826,allowed,2,15
159,2023-12-27 16:48:19,PES592009623,not allowed,3,1
160,2023-08-05 21:12:58,PES713307849,allowed,4,23
161,2023-01-19 16:35:11,PES227822631,not allowed,1,18
162,2023-08-21 18:11:08,PES259808249,allowed,2,14
163,2023-10-11 13:30:51,PES429567547,not allowed,4,30
164,2023-12-05 14:15:52,PES710448825,not allowed,3,24
165,2023-03-10 02:11:24,PES746464091,not allowed,4,6
166,2023-02-22 22:15:56,PES746886457,not allowed,3,23
167,2023-02-08 12:52:41,PES745664216,not allowed,1,19
168,2023-07-05 06:13:30,PES693664985,allowed,2,23
169,2023-05-02 04:34:22,PES408826031,not allowed,2,30
170,2023-08-09 10:10:17,PES174374916,allowed,2,12
171,2023-08-27 11:08:09,PES800710876,allowed,3,23
172,2023-09-10 05:06:45,PES746914357,allowed,4,15
173,2023-05-21 07:41:08,PES888688638,not allowed,2,2
174,2023-10-10 01:04:28,PES165967349,allowed,3,17
175,2023-06-14 05:18:07,PES208505633,not allowed,3,27
176,2023-12-31 00:21:51,PES777845765,allowed,1,30
177,2023-05-25 06:24:44,PES926539542,allowed,3,13
178,2023-05-12 03:05:59,PES485879296,allowed,2,24
179,2023-10-02 11:53:38,PES698150274,not allowed,3,4
180,2023-04-01 09:25:18,PES873424843,not allowed,1,26
181,2023-02-08 02:44:12,PES479637966,not allowed,3,8
182,2023-08-30 19:27:07,PES662335770,allowed,3,10
183,2023-11-13 08:38:00,PES026278308,not allowed,2,13
184,2023-12-14 16:24:55,PES386492361,not allowed,3,23
185,2023-04-27 05:57:43,PES979462195,not allowed,4,21
186,2023-06-22 12:46:20,PES762846559,allowed,3,15
187,2023-03-21 21:20:10,PES674212336,not allowed,1,26
188,2023-09-09 04:35:34,PES240231554,not allowed,2,6
189,2023-05-27 19:56:17,PES567508874,not allowed,4,4
190,2023-02-16 08:48:13,PES833473985,not allowed,4,12
191,2023-05-23 00:52:53,PES218256612,allowed,4,14
192,2023-09-16 15:22:56,PES415082261,allowed,3,1
193,2023-01-12 09:31:15,PES684179735,allowed,3,8
194,2023-12-24 11:23:27,PES494409752,allowed,2,25
195,2023-01-08 03:25:07,PES593695795,not allowed,1,13
196,2023-07-05 17:27:27,PES240460877,allowed,1,8
197,2023-12-23 08:35:26,PES816452908,not allowed,2,18
198,2023-05-25 08:32:52,PES293048456,allowed,3,29
199,2023-07-31 12:27:47,PES295098044,allowed,1,11
200,2023-02-15 02:05:17,PES090453938,allowed,1,9
201,2023-09-13 04:46:24,PES013643084,allowed,4,2
202,2023-01-10 23:29:49,PES284442324,allowed,4,20
203,2023-09-08 12:04:54,PES828425503,not allowed,4,24
204,2023-10-16 21:00:17,PES040219992,not allowed,2,14
205,2023-08-12 14:48:10,PES772160027,allowed,1,27
206,2023-12-07 21:58:26,PES832903242,not allowed,2,4
207,2023-06-26 12:32:33,PES846773349,not allowed,4,20
208,2023-04-15 02:00:20,PES315790502,allowed,1,26
209,2023-11-07 05:27:16,PES387802422,not allowed,4,4
210,2023-07-16 04:37:02,PES827876294,not allowed,1,10
211,2023-01-23 04:52:36,PES187036781,not allowed,2,29
212,2023-07-21 09:18:16,PES080152893,not allowed,4,15
213,2023-03-26 13:08:45,PES364281967,not allowed,2,17
214,2023-01-01 18:44:12,PES454197836,allowed,3,3
215,2023-09-17 00:48:39,PES273797649,not allowed,2,30
216,2023-10-15 01:27:30,PES654270565,allowed,3,18
217,2023-03-13 06:25:57,PES942784470,allowed,3,27
218,2023-06-11 21:53:02,PES256260728,not allowed,4,2
219,2023-11-02 11:00:53,PES375587775,allowed,4,10
220,2023-08-24 04:29:29,PES116187725,allowed,3,15
221,2023-09-08 16:47:46,PES698991201,allowed,3,8
222,2023-07-26 04:20:13,PES003647322,allowed,1,22
223,2023-03-07 10:50:38,PES888256041,allowed,3,28
224,2023-07-11 01:37:49,PES939992177,not allowed,1,27
225,2023-04-08 17:29:14,PES792135278,allowed,2,17
226,2023-12-13 18:33:51,PES957746756,allowed,1,9
227,2023-09-06 05:32:23,PES150294516,not allowed,3,25
228,2023-12-01 22:41:50,PES416556877,allowed,3,5
229,2023-03-22 04:28:03,PES583574283,not allowed,2,6
230,2023-05-18 23:16:09,PES174950055,not allowed,1,6
231,2023-09-30 19:23:04,PES894907886,not allowed,3,6
232,2023-02-03 05:52:01,PES812692313,allowed,3,30
233,2023-07-24 10:42:47,PES045860203,allowed,2,8
234,2023-04-21 22:54:15,PES977421376,allowed,4,22
235,2023-04-05 10:53:15,PES227237537,not allowed,2,6
236,2023-01-08 03:39:03,PES164421510,allowed,3,30
237,2023-07-03 02:31:02,PES677490977,not allowed,2,3
238,2023-06-04 17:57:50,PES989599921,not allowed,4,1
239,2023-10-04 04:17:27,PES937671169,not allowed,3,1
240,2023-06-19 21:20:05,PES357383014,not allowed,4,11
241,2023-01-01 04:40:11,PES086280728,allowed,1,14
242,2023-12-12 13:33:48,PES841896262,allowed,3,21
243,2023-03-19 12:26:08,PES630725014,allowed,2,1
244,2023-10-09 14:56:21,PES774157744,not allowed,3,22
245,2023-08-27 23:29:42,PES517221550,not allowed,2,2
246,2023-11-15 15:16:25,PES640868812,allowed,4,3
247,2023-10-19 00:07:48,PES794493291,allowed,2,1
248,2023-12-21 19:14:46,PES515106216,allowed,1,11
249,2023-05-07 23:21:13,PES353967249,not allowed,3,22
250,2023-01-28 22:13:23,PES786576328,not allowed,1,15
251,2023-12-31 13:58:55,PES403920794,not allowed,2,10
252,2023-01-07 02:46:22,PES147396650,not allowed,1,26
253,2023-08-26 10:46:59,PES904875917,allowed,3,27
254,2023-10-01 05:34:50,PES759742636,not allowed,3,15
255,2023-01-15 22:36:27,PES542647161,allowed,4,23
256,2023-07-21 06:56:16,PES391000969,not allowed,3,10
257,2023-08-19 21:25:43,PES947536728,allowed,1,18
258,2023-01-25 16:12:19,PES135697378,not allowed,3,29
259,2023-01-25 03:09:02,PES023770861,not allowed,4,6
260,2023-08-21 12:17:46,PES093616431,allowed,4,1
261,2023-08-16 14:21:33,PES535835388,not allowed,3,1
262,2023-04-21 07:39:48,PES247475515,allowed,3,23
263,2023-08-24 18:41:40,PES654584224,not allowed,2,30
264,2023-04-11 05:51:25,PES039837756,allowed,3,6
265,2023-11-16 01:58:55,PES772101210,allowed,2,23
266,2023-11-11 12:05:36,PES498081401,not allowed,1,13
267,2023-10-16 20:21:20,PES242813486,not allowed,3,17
268,2023-07-17 05:54:47,PES117175054,allowed,4,11
269,2023-01-04 10:29:30,PES290287431,allowed,1,23
270,2023-06-01 22:08:54,PES264124272,allowed,1,5
271,2023-08-31 07:36:35,PES864085691,not allowed,3,11
272,2023-08-11 05:01:19,PES243395340,not allowed,1,14
273,2023-08-08 10:03:14,PES111537233,allowed,3,30
274,2023-05-14 21:48:29,PES211161164,allowed,2,12
275,2023-03-03 01:14:10,PES872045069,not allowed,1,16
276,2023-01-26 18:44:43,PES303874679,not allowed,4,11
277,2023-05-13 05:25:53,PES261304165,allowed,2,1
278,2023-11-20 18:19:32,PES527081522,not allowed,4,5
279,2023-01-20 16:11:46,PES980308679,allowed,2,11
280,2023-01-01 13:37:36,PES605061344,not allowed,3,27
281,2023-05-19 03:12:42,PES617676122,allowed,1,11
282,2023-09-16 00:05:49,PES186015913,not allowed,3,17
283,2023-01-10 04:22:09,PES431594360,allowed,4,11
284,2023-06-21 01:12:39,PES995076995,allowed,1,29
285,2023-05-10 19:00:36,PES838858248,allowed,3,17
286,2023-11-25 16:08:10,PES883032348,allowed,2,6
287,2023-02-07 22:34:29,PES810763013,not allowed,3,16
288,2023-04-05 16:04:59,PES681002375,not allowed,4,26
289,2023-08-24 17:13:52,PES069738374,allowed,3,29
290,2023-05-17 01:11:34,PES208222498,allowed,1,25
291,2023-02-04 00:39:21,PES306173818,allowed,2,5
292,2023-03-01 07:10:40,PES937788299,not allowed,1,5
293,2023-08-17 13:59:29,PES953836811,allowed,3,26
294,2023-10-18 20:36:04,PES414562879,not allowed,4,28
295,2023-12-05 13:25:03,PES131112748,not allowed,4,8
296,2023-03-30 12:41:24,PES446534762,allowed,2,30
297,2023-10-23 07:38:39,PES509147977,not allowed,3,15
298,2023-01-14 18:37:32,PES055939913,allowed,2,21
299,2023-01-23 14:32:24,PES182849370,not allowed,1,8
300,2023-05-25 00:46:54,PES344163952,not allowed,4,26
301,2023-11-05 07:39:50,PES539861762,not allowed,4,7
302,2023-02-08 18:05:05,PES406000247,allowed,3,28
303,2023-03-08 06:50:07,PES209720003,allowed,3,3
304,2023-02-11 19:14:46,PES129484060,allowed,2,9
305,2023-06-06 00:51:29,PES585869528,allowed,3,12
306,2023-08-19 03:28:37,PES677694996,not allowed,1,26
307,2023-04-07 04:26:54,PES322398576,allowed,1,6
308,2023-10-16 03:21:01,PES380927205,not allowed,1,19
309,2023-01-10 04:58:09,PES467927791,allowed,4,24
310,2023-12-19 21:37:12,PES956271593,not allowed,1,21
311,2023-06-08 14:35:44,PES864468836,allowed,3,16
312,2023-08-04 19:55:14,PES138636639,allowed,3,21
313,2023-06-06 07:04:28,PES960787227,allowed,2,17
314,2023-02-16 03:11:44,PES384932716,allowed,4,12
315,2023-05-10 18:50:35,PES432778843,allowed,2,28
316,2023-10-19 10:26:04,PES611531046,not allowed,3,15
317,2023-05-28 10:09:39,PES086310090,not allowed,1,25
318,2023-02-07 05:07:22,PES232893116,allowed,2,21
319,2023-10-30 13:42:11,PES090239422,allowed,4,2
320,2023-08-06 12:39:17,PES744733503,allowed,1,18
321,2023-04-21 07:59:42,PES363203417,not allowed,3,7
322,2023-12-22 15:03:04,PES174559734,allowed,2,5
323,2023-10-20 07:41:48,PES044886244,allowed,1,26
324,2023-04-02 08:53:50,PES110645065,allowed,2,28
325,2023-01-29 13:39:40,PES969658631,not allowed,3,4
326,2023-08-02 10:22:00,PES369392854,allowed,2,8
327,2023-10-29 04:20:25,PES047364938,allowed,3,25
328,2023-04-20 03:53:22,PES329052817,not allowed,4,24
329,2023-11-09 00:53:54,PES446141980,not allowed,3,26
330,2023-05-29 14:08:52,PES370144011,allowed,2,30
331,2023-05-17 09:51:56,PES033084956,not allowed,4,16
332,2023-04-27 08:34:51,PES095868660,allowed,4,29
333,2023-01-25 10:37:01,PES481896877,allowed,3,8
334,2023-07-29 01:26:16,PES824653638,not allowed,3,12
335,2023-05-08 10:58:43,PES349105473,not allowed,2,5
336,2023-09-08 18:53:23,PES333861948,allowed,1,17
337,2023-01-25 06:51:05,PES441210016,not allowed,2,28
338,2023-12-10 00:48:28,PES901103441,not allowed,1,15
339,2023-03-04 10:21:25,PES569157375,not allowed,3,25
340,2023-06-05 17:20:48,PES204207140,not allowed,1,4
341,2023-12-03 19:40:48,PES531491925,not allowed,1,28
342,2023-05-28 21:21:27,PES463279829,not allowed,4,14
343,2023-03-04 07:48:06,PES947979361,not allowed,2,2
344,2023-09-14 12:29:22,PES975699404,allowed,4,5
345,2023-07-30 16:44:28,PES466867311,allowed,2,22
346,2023-10-13 15:39:18,PES307755379,allowed,2,27
347,2023-01-18 00:13:50,PES812923853,allowed,2,28
348,2023-06-24 17:01:53,PES717753204,not allowed,4,30
349,2023-04-23 17:29:37,PES265647147,allowed,2,11
350,2023-11-15 03:00:07,PES430778954,not allowed,2,14
351,2023-02-24 06:02:31,PES967645869,not allowed,2,14
352,2023-09-23 09:18:45,PES041843636,allowed,2,6
353,2023-06-11 00:22:54,PES474293448,not allowed,2,11
354,2023-10-15 17:06:28,PES032912733,not allowed,3,21
355,2023-01-08 00:56:54,PES080652462,allowed,2,20
356,2023-11-19 23:22:58,PES361231738,not allowed,3,30
357,2023-09-12 07:53:56,PES100847900,allowed,3,27
358,2023-08-27 04:02:50,PES221867637,not allowed,2,19
359,2023-04-07 14:07:33,PES856148798,allowed,2,7
360,2023-10-18 23:13:31,PES800803342,allowed,3,4
361,2023-04-30 13:42:15,PES618824109,allowed,1,28
362,2023-06-14 21:20:13,PES901328041,not allowed,2,9
363,2023-08-11 22:47:17,PES235481287,allowed,2,19
364,2023-01-07 09:06:32,PES053889363,allowed,2,5
365,2023-05-31 20:18:47,PES450452656,allowed,4,4
366,2023-02-05 17:01:00,PES735800896,not allowed,1,2
367,2023-10-30 04:19:10,PES104710125,allowed,1,10
368,2023-08-22 01:02:22,PES015050453,not allowed,3,25
369,2023-04-29 11:19:04,PES261333095,not allowed,4,21
370,2023-10-20 05:29:08,PES523872222,allowed,2,16
371,2023-08-14 20:43:34,PES501325610,allowed,1,4
372,2023-12-08 11:23:16,PES183360887,not allowed,2,16
373,2023-07-21 23:58:45,PES744577125,allowed,3,4
374,2023-08-03 16:49:50,PES469064721,not allowed,4,4
375,2023-07-28 13:08:39,PES391100160,not allowed,2,5
376,2023-08-25 06:08:53,PES245727747,allowed,2,5
377,2023-10-05 10:45:03,PES375102475,not allowed,3,8
378,2023-06-03 12:33:22,PES276452314,not allowed,1,10
379,2023-10-20 10:05:17,PES525928886,allowed,3,20
380,2023-05-08 20:41:35,PES694324781,allowed,4,30
381,2023-02-10 05:33:16,PES055813438,not allowed,4,11
382,2023-06-14 05:57:11,PES812164936,not allowed,1,18
383,2023-03-28 20:41:21,PES331658059,allowed,2,20
384,2023-01-27 05:26:39,PES925493161,not allowed,2,17
385,2023-04-08 11:44:56,PES416822544,allowed,2,9
386,2023-11-05 06:09:44,PES206473745,not allowed,4,9
387,2023-07-09 13:01:59,PES810975946,not allowed,4,11
388,2023-11-06 10:00:50,PES772687114,not allowed,3,17
389,2023-06-30 03:50:25,PES860507847,not allowed,1,13
390,2023-01-29 20:10:39,PES147605937,not allowed,3,18
391,2023-01-11 03:48:58,PES558755268,allowed,2,10
392,2023-10-22 07:34:53,PES536264116,not allowed,2,7
393,2023-04-08 22:46:23,PES686293456,allowed,1,12
394,2023-09-03 21:04:55,PES050265357,not allowed,1,2
395,2023-10-16 03:46:19,PES093128698,allowed,3,11
396,2023-08-15 19:42:16,PES287442996,allowed,1,25
397,2023-12-31 10:33:08,PES350202090,allowed,3,7
398,2023-06-03 01:52:08,PES061480431,allowed,3,7
399,2023-07-20 07:16:00,PES030385987,allowed,2,1
400,2023-08-05 10:39:41,PES220662540,not allowed,2,11
401,2023-01-25 06:34:02,PES054117561,not allowed,4,4
402,2023-08-17 11:43:50,PES516563421,not allowed,3,13
403,2023-04-12 01:11:18,PES937332886,not allowed,4,28
404,2023-04-11 11:58:58,PES162333937,not allowed,1,25
405,2023-11-01 16:09:56,PES026312761,not allowed,2,16
406,2023-11-07 16:46:11,PES883281133,not allowed,1,12
407,2023-11-14 15:23:18,PES689893974,not allowed,4,17
408,2023-09-21 20:16:22,PES344269468,not allowed,4,13
409,2023-07-17 07:24:17,PES066628367,not allowed,2,23
410,2023-03-30 11:14:58,PES096787197,allowed,4,11
411,2023-12-31 14:31:09,PES733019219,not allowed,2,22
412,2023-01-16 06:16:22,PES767786901,not allowed,3,10
413,2023-10-09 20:21:57,PES842461448,allowed,1,6
414,2023-09-27 14:52:06,PES641816573,not allowed,2,25
415,2023-05-17 18:47:07,PES892647111,allowed,2,14
416,2023-11-11 22:28:17,PES946524368,allowed,1,29
417,2023-08-11 19:38:34,PES007369833,allowed,2,18
418,2023-04-13 16:13:30,PES201921737,not allowed,1,22
419,2023-06-01 02:43:59,PES163317610,allowed,4,5
420,2023-10-28 01:02:36,PES529217752,not allowed,1,11
421,2023-06-20 07:25:54,PES761463224,allowed,4,19
422,2023-12-30 06:14:55,PES859081147,not allowed,4,26
423,2023-01-04 21:24:12,PES885094128,allowed,3,24
424,2023-07-29 00:15:44,PES139137943,allowed,2,22
425,2023-04-18 01:54:34,PES463191953,not allowed,4,2
426,2023-06-19 01:29:58,PES658578564,not allowed,1,19
427,2023-09-04 12:12:17,PES330622946,allowed,3,24
428,2023-04-06 02:58:38,PES239372872,not allowed,2,18
429,2023-10-29 19:28:48,PES350456070,allowed,2,5
430,2023-11-14 20:43:56,PES361760661,not allowed,1,28
431,2023-09-29 23:43:46,PES931250687,allowed,4,25
432,2023-09-23 06:19:04,PES257000157,not allowed,1,5
433,2023-03-06 16:02:44,PES936030212,not allowed,3,6
434,2023-05-22 23:29:49,PES209244550,allowed,1,4
435,2023-11-20 17:36:24,PES384325257,allowed,3,8
436,2023-07-12 20:45:14,PES900573120,allowed,4,15
437,2023-03-14 14:48:56,PES275422132,not allowed,4,13
438,2023-12-10 03:11:58,PES167906955,allowed,2,23
439,2023-10-20 04:42:59,PES671583367,allowed,2,16
440,2023-07-17 06:55:45,PES375805644,allowed,2,27
441,2023-12-10 10:12:33,PES365256610,not allowed,3,19
442,2023-06-02 06:51:03,PES796661202,not allowed,2,2
443,2023-02-28 07:19:28,PES920715802,not allowed,4,13
444,2023-03-04 21:52:50,PES311942711,not allowed,2,26
445,2023-11-26 10:33:56,PES766674399,not allowed,2,23
446,2023-08-06 08:48:57,PES306838997,allowed,2,14
447,2023-09-16 23:05:04,PES975462872,allowed,2,3
448,2023-09-18 21:46:22,PES259289762,allowed,4,3
449,2023-06-26 08:34:19,PES168783661,not allowed,1,5
450,2023-08-29 09:34:49,PES307223665,allowed,1,6
451,2023-12-04 16:23:02,PES511158959,not allowed,2,1
452,2023-06-09 02:37:12,PES768649200,not allowed,4,5
453,2023-04-30 14:24:08,PES575889455,not allowed,3,2
454,2023-03-09 13:36:33,PES180830037,allowed,1,8
455,2023-09-24 08:55:02,PES053141189,allowed,4,27
456,2023-05-03 08:02:24,PES872105409,allowed,4,28
457,2023-08-14 11:41:08,PES404915172,not allowed,4,10
458,2023-02-09 04:10:58,PES819979482,allowed,2,20
459,2023-08-14 23:59:14,PES937860702,not allowed,4,15
460,2023-02-07 07:58:04,PES734703962,not allowed,2,30
461,2023-06-25 17:05:36,PES122568189,allowed,2,7
462,2023-11-12 15:12:27,PES574707358,not allowed,4,3
463,2023-03-22 17:39:44,PES839102458,not allowed,2,29
464,2023-08-12 18:57:02,PES893257965,not allowed,4,12
465,2023-02-25 07:33:39,PES214709960,allowed,3,15
466,2023-12-13 12:44:32,PES061299031,allowed,1,27
467,2023-09-19 23:18:15,PES614329836,not allowed,4,11
468,2023-06-17 00:58:58,PES877037961,allowed,4,14
469,2023-10-31 08:12:42,PES973804219,allowed,4,26
470,2023-02-14 20:41:35,PES181598586,not allowed,3,9
471,2023-07-10 05:59:06,PES628593213,not allowed,3,9
472,2023-05-13 10:44:57,PES570385297,allowed,2,25
473,2023-09-06 18:30:22,PES768807723,not allowed,4,9
474,2023-06-09 10:52:29,PES067231362,allowed,1,20
475,2023-02-08 17:35:01,PES889833199,allowed,4,30
476,2023-07-25 12:28:11,PES442477873,not allowed,1,19
477,2023-10-22 01:31:12,PES375256116,allowed,1,20
478,2023-02-15 16:40:16,PES878534379,allowed,4,29
479,2023-12-26 01:59:23,PES718842120,not allowed,1,7
480,2023-12-31 02:47:05,PES441923804,not allowed,3,24
481,2023-03-15 08:31:33,PES693486160,not allowed,3,11
482,2023-11-15 14:29:36,PES648559420,allowed,4,21
483,2023-10-05 03:19:31,PES247638809,not allowed,4,20
484,2023-08-30 03:26:16,PES226290113,allowed,4,5
485,2023-01-12 21:16:09,PES030132310,allowed,4,20
486,2023-07-12 21:25:55,PES804357576,allowed,3,2
487,2023-07-29 17:13:46,PES632217303,allowed,1,11
488,2023-10-12 11:35:58,PES818229189,not allowed,3,4
489,2023-08-15 19:11:06,PES759473658,not allowed,3,24
490,2023-01-29 10:32:05,PES601070383,allowed,4,18
491,2023-03-20 18:10:57,PES021637417,not allowed,4,15
492,2023-01-26 01:45:33,PES829426873,allowed,4,29
493,2023-10-12 03:16:34,PES253778535,not allowed,3,16
494,2023-02-08 14:54:28,PES111904586,not allowed,4,4
495,2023-06-06 10:51:31,PES672931575,not allowed,1,27
496,2023-05-10 14:13:19,PES495693741,allowed,2,29
497,2023-01-22 10:26:02,PES022972542,allowed,1,26
498,2023-12-03 11:55:27,PES741021183,not allowed,1,23
499,2023-01-21 14:15:36,PES488586123,allowed,1,20
500,2023-03-25 05:18:56,PES474146279,allowed,3,20
501,2023-09-14 05:14:33,PES970332587,allowed,3,6
502,2023-06-12 16:24:23,PES132493783,allowed,3,19
503,2023-01-12 17:14:43,PES720310750,not allowed,1,16
504,2023-07-27 07:59:45,PES979589829,not allowed,2,9
505,2023-05-25 20:07:14,PES722151335,not allowed,1,8
506,2023-01-27 13:49:51,PES226487741,not allowed,2,16
507,2023-07-18 02:28:43,PES435131032,allowed,3,25
508,2023-06-30 23:59:57,PES706213943,not allowed,4,9
509,2023-02-15 14:24:29,PES781061692,not allowed,2,1
510,2023-07-25 06:16:43,PES570611356,not allowed,1,20
511,2023-12-06 03:08:37,PES072971019,allowed,1,23
512,2023-11-15 21:53:52,PES641788250,not allowed,3,23
513,2023-04-27 01:23:07,PES208015615,allowed,1,28
514,2023-03-05 12:16:07,PES265968001,not allowed,2,2
515,2023-10-04 17:29:17,PES042554860,allowed,4,2
516,2023-04-05 05:31:10,PES221445367,allowed,1,9
517,2023-10-28 00:59:37,PES681252190,allowed,2,21
518,2023-09-24 21:50:23,PES988263150,not allowed,2,28
519,2023-02-10 16:11:56,PES146106409,allowed,1,23
520,2023-02-15 14:15:53,PES927422702,allowed,1,16
521,2023-03-27 19:32:09,PES609047651,allowed,2,21
522,2023-08-30 00:01:32,PES504868990,allowed,2,4
523,2023-10-16 08:12:29,PES837034698,allowed,2,29
524,2023-03-18 19:25:21,PES350108658,not allowed,4,23
525,2023-04-13 01:37:38,PES166198473,not allowed,4,9
526,2023-03-31 13:57:49,PES989422746,allowed,4,15
527,2023-05-23 01:41:54,PES308519962,allowed,2,12
528,2023-11-01 07:10:02,PES036029287,allowed,2,1
529,2023-05-03 05:08:05,PES324242572,not allowed,2,26
530,2023-03-14 06:30:31,PES358210792,allowed,2,6
531,2023-02-10 17:11:07,PES266328220,not allowed,3,10
532,2023-11-24 17:27:19,PES137096440,allowed,1,19
533,2023-11-14 14:58:06,PES052914299,allowed,2,21
534,2023-03-25 15:03:05,PES690650752,not allowed,4,22
535,2023-11-10 21:25:02,PES625490971,not allowed,4,13
536,2023-05-07 08:59:41,PES846033506,allowed,1,20
537,2023-01-14 10:17:53,PES969276817,allowed,3,10
538,2023-01-12 22:11:12,PES917188891,allowed,3,4
539,2023-01-25 12:50:57,PES825343188,allowed,2,10
540,2023-05-27 22:45:35,PES322523927,allowed,1,12
541,2023-06-22 07:28:54,PES629603151,allowed,4,27
542,2023-11-05 22:31:50,PES325208180,allowed,4,13
543,2023-10-27 17:05:17,PES091550384,not allowed,1,2
544,2023-07-30 21:36:31,PES333518547,allowed,3,12
545,2023-11-08 08:58:02,PES726697378,allowed,2,15
546,2023-07-21 18:34:28,PES866106860,not allowed,2,26
547,2023-07-26 00:06:11,PES309791071,allowed,4,15
548,2023-11-01 20:30:57,PES307305812,allowed,4,26
549,2023-01-24 19:36:03,PES571951462,allowed,4,5
550,2023-08-08 11:19:59,PES782998253,allowed,1,20
551,2023-06-01 17:48:50,PES128192045,allowed,3,23
552,2023-04-06 08:35:57,PES071484702,not allowed,1,22
553,2023-04-27 01:35:01,PES752077495,not allowed,1,30
554,2023-12-01 01:35:05,PES421609643,allowed,3,6
555,2023-10-22 09:50:50,PES317246862,not allowed,4,23
556,2023-07-05 21:11:02,PES076690021,not allowed,1,7
557,2023-08-25 17:39:20,PES377990390,not allowed,4,7
558,2023-08-13 02:25:07,PES069576168,allowed,3,22
559,2023-04-10 15:29:22,PES045842989,allowed,1,27
560,2023-10-25 11:13:13,PES611173177,allowed,4,29
561,2023-01-02 22:36:04,PES816987387,not allowed,3,21
562,2023-02-10 21:59:46,PES288851689,allowed,3,15
563,2023-01-14 23:38:24,PES284046686,allowed,4,24
564,2023-03-25 01:38:05,PES024712107,allowed,4,21
565,2023-05-25 01:34:36,PES254762602,not allowed,1,19
566,2023-09-18 00:39:11,PES576062732,not allowed,2,1
567,2023-06-13 12:22:46,PES990944445,allowed,4,13
568,2023-10-14 10:09:02,PES084007999,allowed,3,27
569,2023-04-28 13:15:09,PES902838415,not allowed,3,23
570,2023-04-03 09:11:29,PES871692793,allowed,2,13
571,2023-12-27 00:04:19,PES612472308,not allowed,3,23
572,2023-09-21 10:11:00,PES453304759,allowed,3,26
573,2023-11-09 21:19:27,PES991391327,allowed,4,29
574,2023-05-01 10:36:46,PES433028765,allowed,4,22
575,2023-07-23 04:48:48,PES795670799,allowed,3,2
576,2023-04-30 11:55:27,PES297072617,allowed,2,2
577,2023-07-26 05:43:58,PES464608066,allowed,3,24
578,2023-11-30 01:08:36,PES534447780,not allowed,3,7
579,2023-01-20 00:54:34,PES499534185,not allowed,1,20
580,2023-07-17 04:52:58,PES051543581,not allowed,1,22
581,2023-11-21 00:48:50,PES239568760,allowed,3,24
582,2023-07-25 11:41:19,PES077774146,not allowed,1,26
583,2023-06-30 17:23:58,PES302906803,not allowed,4,28
584,2023-10-26 01:24:49,PES163045738,allowed,3,27
585,2023-10-12 06:30:55,PES836164911,allowed,1,4
586,2023-06-27 22:43:37,PES747269648,allowed,2,16
587,2023-12-06 22:44:51,PES901765461,allowed,2,26
588,2023-12-02 17:41:59,PES802444042,allowed,3,14
589,2023-01-08 17:20:00,PES294054092,allowed,1,15
590,2023-09-21 05:04:46,PES936027203,not allowed,2,12
591,2023-03-27 14:33:00,PES460756274,not allowed,3,15
592,2023-11-07 22:25:42,PES202861186,allowed,1,12
593,2023-04-24 17:16:25,PES651502282,not allowed,2,15
594,2023-05-16 14:39:48,PES924500896,allowed,3,24
595,2023-03-17 07:24:45,PES405926557,not allowed,3,12
596,2023-10-16 00:18:30,PES919730907,not allowed,4,1
597,2023-05-22 20:47:04,PES892814563,not allowed,3,28
598,2023-12-27 01:49:05,PES786578391,allowed,1,30
599,2023-03-04 08:32:40,PES602744506,not allowed,2,18
600,2023-03-30 15:12:08,PES536468036,not allowed,3,30
601,2023-09-02 12:30:40,PES877660308,allowed,2,2
602,2023-11-20 01:37:45,PES431183527,not allowed,2,11
603,2023-05-12 05:18:05,PES543079174,allowed,2,19
604,2023-03-23 12:40:22,PES059048327,not allowed,2,8
605,2023-12-05 12:10:00,PES392869170,allowed,3,13
606,2023-12-10 21:06:24,PES347256649,not allowed,4,5
607,2023-08-01 14:00:11,PES333524443,not allowed,2,23
608,2023-07-18 14:20:18,PES334747630,allowed,4,12
609,2023-11-12 00:48:31,PES041794474,allowed,2,15
610,2023-10-18 11:37:25,PES153392377,allowed,4,29
611,2023-09-24 02:07:45,PES113132139,not allowed,4,8
612,2023-11-26 01:45:08,PES381404808,not allowed,3,28
613,2023-01-03 20:25:07,PES897756683,allowed,1,22
614,2023-10-31 01:05:27,PES988092280,not allowed,2,20
615,2023-04-27 11:04:33,PES750884021,not allowed,4,22
616,2023-10-31 04:14:43,PES620938058,not allowed,4,29
617,2023-08-16 14:42:47,PES524613505,allowed,1,6
618,2023-12-09 05:45:49,PES702976268,allowed,3,17
619,2023-12-30 10:44:20,PES944428912,not allowed,1,27
620,2023-04-17 22:15:46,PES648737216,not allowed,2,13
621,2023-04-27 14:24:35,PES111521890,not allowed,4,21
622,2023-07-22 18:14:03,PES761391724,allowed,4,24
623,2023-10-04 12:21:18,PES377796965,allowed,1,23
624,2023-10-17 13:03:47,PES019174903,allowed,3,18
625,2023-02-21 13:26:28,PES874352893,allowed,2,10
626,2023-08-27 02:07:15,PES596271545,allowed,3,22
627,2023-04-16 03:29:17,PES919093573,allowed,4,30
628,2023-01-02 16:12:03,PES766497456,allowed,1,21
629,2023-03-31 10:06:30,PES163541074,allowed,1,18
630,2023-04-18 09:38:12,PES175446817,not allowed,3,11
631,2023-06-08 06:55:48,PES906697279,allowed,4,2
632,2023-10-25 23:35:19,PES121758636,allowed,2,30
633,2023-09-20 21:00:43,PES545605945,not allowed,4,11
634,2023-06-22 09:46:58,PES008559047,allowed,1,4
635,2023-05-21 22:21:53,PES527076306,not allowed,4,22
636,2023-10-04 21:27:08,PES538243410,allowed,2,14
637,2023-01-26 08:14:09,PES418195428,allowed,2,17
638,2023-05-01 09:07:23,PES012738493,not allowed,2,10
639,2023-07-27 16:25:26,PES482515515,not allowed,3,8
640,2023-10-20 03:49:23,PES189193478,not allowed,4,24
641,2023-01-19 03:59:38,PES552341089,allowed,1,30
642,2023-07-21 17:18:35,PES074201549,not allowed,2,12
643,2023-08-30 04:46:48,PES469308436,not allowed,4,20
644,2023-04-18 01:32:54,PES478505575,not allowed,4,2
645,2023-05-29 16:21:47,PES607022900,not allowed,1,18
646,2023-10-20 14:34:27,PES012823774,allowed,3,25
647,2023-06-09 10:09:08,PES091972896,allowed,1,1
648,2023-03-19 12:56:24,PES330097530,not allowed,3,30
649,2023-09-15 02:06:20,PES164016752,allowed,3,29
650,2023-05-26 02:41:53,PES100610817,not allowed,3,29
651,2023-05-05 06:40:48,PES209503541,allowed,1,27
652,2023-10-07 13:18:03,PES059242554,allowed,4,7
653,2023-08-06 05:41:31,PES794685139,allowed,2,12
654,2023-06-16 12:45:35,PES702779673,allowed,1,20
655,2023-08-20 04:32:35,PES147887140,not allowed,3,18
656,2023-03-14 07:32:58,PES387220781,allowed,3,30
657,2023-03-11 08:38:03,PES355973390,not allowed,1,21
658,2023-09-26 16:59:01,PES062245203,not allowed,2,16
659,2023-01-05 11:26:31,PES615208659,allowed,2,3
660,2023-05-29 07:37:07,PES123749353,not allowed,3,14
661,2023-02-19 02:53:43,PES862394016,allowed,2,8
662,2023-02-27 02:21:05,PES853459327,allowed,1,15
663,2023-05-10 22:43:01,PES486778663,allowed,4,4
664,2023-04-12 16:34:33,PES206883590,allowed,4,12
665,2023-10-13 19:07:21,PES406313386,not allowed,3,12
666,2023-10-27 03:04:12,PES815046940,not allowed,3,22
667,2023-10-14 14:56:54,PES042914041,not allowed,1,22
668,2023-07-27 09:29:56,PES098056114,not allowed,2,16
669,2023-02-24 15:11:16,PES089016534,allowed,3,20
670,2023-05-16 19:02:15,PES335347405,not allowed,3,3
671,2023-01-30 12:22:27,PES210606271,allowed,3,12
672,2023-04-25 07:53:04,PES650190800,not allowed,1,7
673,2023-12-26 23:43:00,PES326297993,allowed,4,30
674,2023-05-01 20:19:05,PES132600268,not allowed,4,7
675,2023-08-19 00:52:15,PES439323851,allowed,1,3
676,2023-02-07 19:33:13,PES799937628,allowed,2,19
677,2023-10-19 00:22:49,PES316307881,allowed,4,17
678,2023-08-25 01:40:20,PES143216085,not allowed,1,27
679,2023-09-15 08:00:10,PES186350567,not allowed,3,20
680,2023-11-19 19:22:25,PES462057974,not allowed,2,22
681,2023-07-15 17:54:05,PES814524418,not allowed,3,13
682,2023-05-23 21:59:36,PES258617786,not allowed,2,12
683,2023-09-01 09:11:46,PES394616991,allowed,2,13
684,2023-02-18 09:37:17,PES406896716,not allowed,4,3
685,2023-10-18 23:41:29,PES537525181,allowed,1,9
686,2023-05-14 02:15:06,PES178364591,not allowed,3,29
687,2023-01-14 08:14:20,PES257135277,not allowed,4,4
688,2023-06-12 01:26:01,PES909571816,not allowed,3,7
689,2023-07-25 19:17:09,PES106279485,not allowed,3,17
690,2023-01-25 01:24:53,PES101175161,allowed,1,24
691,2023-10-16 03:30:13,PES165708164,allowed,1,1
692,2023-11-17 13:15:53,PES198292841,not allowed,4,2
693,2023-08-26 19:02:34,PES582434151,allowed,1,23
694,2023-01-25 12:52:33,PES760194523,not allowed,2,22
695,2023-01-25 14:03:44,PES576875994,not allowed,1,8
696,2023-01-12 12:30:13,PES209387929,allowed,2,16
697,2023-01-20 17:28:59,PES554203250,allowed,3,10
698,2023-06-09 10:01:59,PES110921085,allowed,1,15
699,2023-05-31 18:30:50,PES612031830,not allowed,3,17
700,2023-01-05 18:33:09,PES159037527,allowed,2,18
701,2023-12-11 01:10:49,PES725914839,not allowed,4,7
702,2023-09-10 23:14:08,PES197360543,allowed,2,21
703,2023-03-24 08:34:20,PES666037614,allowed,1,18
704,2023-11-25 13:50:06,PES283036851,not allowed,4,11
705,2023-03-21 15:59:32,PES382418583,not allowed,4,11
706,2023-09-17 03:38:39,PES611298186,not allowed,3,7
707,2023-09-30 04:38:59,PES395144271,not allowed,4,7
708,2023-11-04 19:35:59,PES154029665,not allowed,4,14
709,2023-08-19 17:36:51,PES208474043,allowed,4,11
710,2023-07-10 02:06:26,PES649721897,not allowed,3,10
711,2023-04-02 21:13:06,PES754588385,not allowed,1,6
712,2023-08-17 21:04:54,PES713907781,allowed,2,22
713,2023-03-03 20:53:37,PES618405136,allowed,4,12
714,2023-03-20 20:09:22,PES292123048,allowed,1,7
715,2023-11-10 23:38:04,PES203831180,allowed,3,20
716,2023-03-06 12:20:25,PES440175843,not allowed,1,8
717,2023-08-30 12:20:52,PES848301582,allowed,2,4
718,2023-12-04 04:44:31,PES373869260,not allowed,1,1
719,2023-06-13 16:34:48,PES961520350,not allowed,4,21
720,2023-07-07 10:20:51,PES033794135,not allowed,3,18
721,2023-09-13 22:52:25,PES286507311,not allowed,2,3
722,2023-07-15 01:51:47,PES214534294,allowed,3,15
723,2023-09-09 17:39:34,PES024227147,allowed,2,22
724,2023-08-21 19:28:37,PES408180927,not allowed,1,29
725,2023-02-11 20:41:12,PES267930669,not allowed,1,22
726,2023-04-23 08:16:55,PES956074258,allowed,2,18
727,2023-05-09 01:59:47,PES272106554,allowed,1,23
728,2023-01-29 00:09:49,PES131341593,allowed,4,16
729,2023-11-10 07:20:27,PES363369456,allowed,3,10
730,2023-07-22 22:33:07,PES044013057,not allowed,3,30
731,2023-08-02 07:48:14,PES364749919,allowed,2,19
732,2023-12-09 23:44:18,PES445838818,not allowed,4,30
733,2023-03-10 11:00:22,PES412422666,not allowed,1,30
734,2023-04-11 07:12:07,PES925346896,not allowed,3,16
735,2023-03-28 10:00:44,PES706500111,allowed,1,21
736,2023-06-01 16:04:19,PES365442698,not allowed,4,9
737,2023-10-04 07:57:30,PES732403167,allowed,1,16
738,2023-08-16 10:51:14,PES966715152,allowed,3,23
739,2023-07-30 06:50:27,PES271035444,allowed,2,11
740,2023-02-20 10:57:04,PES748667477,not allowed,4,23
741,2023-09-18 21:31:07,PES404943033,not allowed,3,17
742,2023-11-16 09:37:46,PES795315914,not allowed,1,9
743,2023-08-08 16:30:07,PES937610200,allowed,4,11
744,2023-09-13 07:24:08,PES572669188,not allowed,4,22
745,2023-02-18 03:03:13,PES134533148,not allowed,2,7
746,2023-04-15 08:24:57,PES543509708,not allowed,3,27
747,2023-04-29 17:09:20,PES560365682,not allowed,4,12
748,2023-06-13 11:26:39,PES738048301,not allowed,2,24
749,2023-09-15 21:12:52,PES873500021,allowed,1,10
750,2023-06-09 15:31:31,PES832157732,not allowed,3,8
751,2023-08-14 10:09:14,PES473662913,not allowed,2,15
752,2023-09-30 07:17:54,PES316257076,allowed,2,13
753,2023-06-02 07:58:13,PES723545382,allowed,4,23
754,2023-05-04 17:21:51,PES034305832,not allowed,2,18
755,2023-08-01 11:31:50,PES367184825,not allowed,3,13
756,2023-06-23 16:55:20,PES270461046,not allowed,3,20
757,2023-05-02 22:38:48,PES729038623,not allowed,4,10
758,2023-09-25 08:46:17,PES364143555,allowed,4,27
759,2023-05-29 12:20:07,PES909344271,allowed,2,3
760,2023-10-29 07:45:06,PES997702006,not allowed,2,29
761,2023-05-31 11:31:10,PES305572221,allowed,4,15
762,2023-09-13 21:21:42,PES757278601,not allowed,3,15
763,2023-12-11 21:27:28,PES991891889,not allowed,2,9
764,2023-09-26 17:01:28,PES143039420,not allowed,1,1
765,2023-08-01 14:51:26,PES396644993,allowed,1,16
766,2023-02-19 14:50:22,PES633579989,not allowed,3,20
767,2023-03-29 11:12:21,PES833480251,allowed,4,15
768,2023-06-20 04:32:55,PES905156983,not allowed,3,25
769,2023-01-03 21:18:22,PES535683460,not allowed,4,26
770,2023-01-30 06:43:46,PES915722377,allowed,1,7
771,2023-10-08 04:46:07,PES594585095,allowed,3,19
772,2023-12-28 15:07:00,PES118117819,allowed,3,2
773,2023-12-30 04:02:00,PES134944390,allowed,3,7
774,2023-04-14 02:31:41,PES864072168,allowed,2,18
775,2023-12-20 10:24:09,PES118219115,not allowed,3,7
776,2023-10-29 06:26:26,PES835266669,not allowed,1,3
777,2023-03-07 08:47:12,PES136623927,not allowed,3,22
778,2023-03-27 09:25:57,PES032071592,allowed,4,12
779,2023-02-23 11:16:13,PES894542331,not allowed,4,13
780,2023-01-14 01:52:56,PES167067123,not allowed,4,9
781,2023-01-20 10:15:50,PES651015265,not allowed,4,15
782,2023-08-11 22:05:55,PES260360755,allowed,3,6
783,2023-07-30 04:57:03,PES197516451,not allowed,2,24
784,2023-04-21 03:19:09,PES439079021,allowed,2,13
785,2023-01-24 21:34:25,PES506802715,allowed,2,28
786,2023-10-20 05:20:53,PES913355747,allowed,3,12
787,2023-12-25 20:09:37,PES377668235,allowed,2,4
788,2023-09-17 12:19:16,PES884302068,not allowed,2,7
789,2023-04-29 06:03:28,PES280333522,not allowed,4,25
790,2023-01-14 02:23:36,PES559334866,allowed,3,1
791,2023-12-02 22:51:03,PES106344020,allowed,1,10
792,2023-09-11 23:33:29,PES409702640,not allowed,3,23
793,2023-03-23 18:30:59,PES900492783,not allowed,2,22
794,2023-03-01 18:48:45,PES679832682,not allowed,2,24
795,2023-07-30 21:23:44,PES006085395,allowed,1,22
796,2023-03-17 05:52:30,PES465522920,not allowed,3,8
797,2023-12-22 18:47:44,PES857192046,not allowed,3,27
798,2023-08-16 22:48:54,PES208409506,not allowed,1,7
799,2023-05-26 19:48:58,PES456339603,allowed,3,8
800,2023-09-08 14:10:56,PES867557091,not allowed,3,2
801,2023-04-28 12:32:16,PES851578759,not allowed,2,9
802,2023-07-17 03:19:47,PES337462186,allowed,3,29
803,2023-02-16 14:05:46,PES251686602,not allowed,3,16
804,2023-03-19 10:38:08,PES677771615,not allowed,4,21
805,2023-03-31 15:04:56,PES415571142,allowed,1,3
806,2023-03-02 09:49:02,PES399947694,not allowed,3,17
807,2023-04-17 16:29:53,PES128994878,not allowed,4,17
808,2023-07-17 16:58:44,PES976753263,allowed,1,6
809,2023-02-20 20:18:41,PES372810196,not allowed,3,6
810,2023-02-04 13:25:50,PES337444929,allowed,2,9
811,2023-03-10 04:19:48,PES771248466,not allowed,2,19
812,2023-03-15 04:35:05,PES730185770,allowed,3,3
813,2023-03-31 03:38:38,PES561822686,allowed,3,23
814,2023-05-09 23:56:35,PES224030551,not allowed,1,3
815,2023-11-22 08:53:45,PES692046015,not allowed,4,24
816,2023-11-12 11:59:56,PES785711706,not allowed,3,2
817,2023-01-31 19:23:24,PES224104309,not allowed,1,11
818,2023-02-05 20:29:23,PES742571238,allowed,1,23
819,2023-12-30 09:29:21,PES781172841,allowed,3,16
820,2023-08-08 06:34:54,PES096269128,allowed,4,6
821,2023-08-08 13:55:09,PES867627578,allowed,4,10
822,2023-12-02 15:53:30,PES065696878,allowed,1,6
823,2023-04-16 12:05:43,PES712640378,allowed,1,27
824,2023-11-25 12:35:55,PES133626081,allowed,4,10
825,2023-04-17 19:17:57,PES802986606,not allowed,2,22
826,2023-12-29 20:03:49,PES388747162,allowed,4,16
827,2023-01-07 05:14:17,PES240102392,not allowed,4,10
828,2023-06-09 23:10:19,PES846057204,not allowed,4,2
829,2023-05-23 15:06:20,PES983379056,not allowed,3,20
830,2023-06-03 11:55:13,PES246077499,allowed,2,26
831,2023-11-09 04:57:20,PES341957359,allowed,3,11
832,2023-03-23 04:02:22,PES989895456,not allowed,1,6
833,2023-08-06 04:23:48,PES728432768,allowed,3,12
834,2023-12-11 20:11:56,PES401068982,allowed,1,21
835,2023-06-10 17:52:03,PES003395713,not allowed,3,14
836,2023-11-23 21:54:32,PES432410397,not allowed,1,1
837,2023-03-22 23:33:27,PES100667815,not allowed,3,16
838,2023-02-12 08:38:21,PES023336224,allowed,3,13
839,2023-06-26 16:33:05,PES128831650,not allowed,1,13
840,2023-07-17 01:00:09,PES286741173,not allowed,3,4
841,2023-12-07 04:01:21,PES887347429,not allowed,2,22
842,2023-04-22 01:09:33,PES973751524,allowed,2,2
843,2023-05-24 15:50:38,PES625827736,allowed,4,27
844,2023-03-27 11:23:46,PES716712916,not allowed,1,14
845,2023-10-21 09:34:50,PES004824194,not allowed,2,19
846,2023-11-15 16:31:06,PES745049505,not allowed,2,14
847,2023-10-04 19:25:03,PES521783328,not allowed,4,20
848,2023-08-02 14:55:39,PES348583310,not allowed,4,21
849,2023-08-01 14:21:51,PES336550733,allowed,3,29
850,2023-04-02 13:26:40,PES604083410,not allowed,4,9
851,2023-06-17 16:01:24,PES622224655,not allowed,2,23
852,2023-09-05 02:07:43,PES177903762,not allowed,2,21
853,2023-04-07 09:51:34,PES075896754,not allowed,3,18
854,2023-09-19 06:51:22,PES001667977,not allowed,1,17
855,2023-03-30 17:42:18,PES489433720,allowed,3,19
856,2023-07-16 18:10:55,PES405084407,allowed,2,18
857,2023-09-25 09:07:23,PES099374485,not allowed,4,29
858,2023-10-24 03:36:20,PES806831096,not allowed,1,28
859,2023-03-13 22:08:46,PES802041422,allowed,4,13
860,2023-08-26 07:17:41,PES053863754,allowed,2,7
861,2023-11-12 19:05:11,PES880632503,allowed,1,16
862,2023-09-20 15:02:44,PES152202785,allowed,3,22
863,2023-09-16 17:42:39,PES302975035,allowed,2,14
864,2023-08-08 00:54:07,PES876845916,not allowed,2,7
865,2023-04-11 15:42:36,PES690799770,allowed,3,24
866,2023-09-17 05:45:53,PES240151388,not allowed,2,27
867,2023-10-02 08:11:10,PES239930240,allowed,2,27
868,2023-10-29 22:15:00,PES530428958,not allowed,3,1
869,2023-03-04 12:54:52,PES977604267,not allowed,3,8
870,2023-01-21 12:33:03,PES008148285,allowed,4,27
871,2023-04-12 22:26:04,PES920752782,allowed,1,24
872,2023-01-25 02:32:03,PES928225485,allowed,3,13
873,2023-10-08 19:33:25,PES613294101,allowed,1,4
874,2023-05-13 02:27:28,PES673009385,allowed,1,15
875,2023-09-22 19:37:49,PES403146367,not allowed,1,18
876,2023-05-14 18:59:43,PES992122304,not allowed,3,8
877,2023-12-30 11:08:20,PES112746174,allowed,2,8
878,2023-08-04 01:21:02,PES769792348,not allowed,2,19
879,2023-03-17 15:20:27,PES584912200,not allowed,2,17
880,2023-09-05 00:20:34,PES795287551,not allowed,4,1
881,2023-06-29 01:40:50,PES316005578,not allowed,1,15
882,2023-12-04 10:56:22,PES355343744,not allowed,1,30
883,2023-06-25 21:16:04,PES656611346,allowed,4,27
884,2023-04-18 10:29:14,PES184381298,not allowed,2,19
885,2023-12-13 02:32:19,PES265554529,allowed,4,16
886,2023-09-29 01:01:34,PES168287820,not allowed,3,3
887,2023-09-05 14:38:05,PES911146490,allowed,2,13
888,2023-07-20 19:59:00,PES013005865,allowed,1,24
889,2023-09-04 22:02:03,PES727671955,not allowed,4,26
890,2023-10-30 05:14:20,PES733088427,allowed,1,21
891,2023-08-15 20:52:45,PES372002530,not allowed,1,20
892,2023-05-22 03:11:16,PES693494394,allowed,3,7
893,2023-02-08 08:34:59,PES792076645,allowed,2,3
894,2023-11-29 14:17:50,PES269339946,allowed,1,11
895,2023-08-13 05:58:26,PES996723085,allowed,3,1
896,2023-04-01 01:55:45,PES458547455,not allowed,2,27
897,2023-02-07 13:35:52,PES665372698,not allowed,1,5
898,2023-11-24 02:18:29,PES762767601,not allowed,1,23
899,2023-11-30 19:48:24,PES010368958,not allowed,3,22
900,2023-12-10 13:25:37,PES505651532,allowed,2,18
901,2023-08-03 21:47:56,PES286949139,not allowed,3,24
902,2023-03-24 13:50:02,PES617989703,allowed,2,7
903,2023-10-02 08:27:19,PES748169881,not allowed,2,9
904,2023-06-22 06:13:08,PES907255456,allowed,2,11
905,2023-09-08 22:56:59,PES037772957,allowed,3,6
906,2023-10-02 14:51:13,PES270987277,allowed,1,16
907,2023-04-30 05:52:35,PES690733567,not allowed,3,18
908,2023-10-13 08:32:55,PES703322698,not allowed,4,11
909,2023-11-04 13:10:52,PES071178735,allowed,3,23
910,2023-08-15 08:58:13,PES967632748,allowed,3,1
911,2023-08-10 08:03:58,PES171949473,allowed,3,27
912,2023-03-09 07:01:40,PES871150800,not allowed,2,1
913,2023-05-05 13:21:40,PES985157143,allowed,1,22
914,2023-04-30 22:15:28,PES511587551,not allowed,4,5
915,2023-03-03 16:47:29,PES655400434,allowed,3,10
916,2023-09-25 02:10:45,PES380721293,not allowed,4,15
917,2023-02-19 20:20:04,PES248342157,not allowed,3,24
918,2023-10-31 19:36:02,PES503562449,allowed,1,25
919,2023-06-21 00:52:08,PES831627327,allowed,4,14
920,2023-11-20 02:16:33,PES767991447,not allowed,4,21
921,2023-08-04 00:07:44,PES938103134,allowed,2,5
922,2023-12-09 14:39:11,PES143693970,not allowed,1,26
923,2023-03-17 13:46:14,PES585604809,not allowed,4,1
924,2023-12-27 18:25:51,PES313044492,not allowed,1,24
925,2023-04-03 21:39:20,PES154300135,allowed,3,12
926,2023-11-03 05:19:56,PES497532400,allowed,4,14
927,2023-06-06 18:03:54,PES416266487,allowed,1,24
928,2023-12-14 03:21:11,PES976434956,not allowed,4,19
929,2023-03-08 21:43:01,PES990980786,not allowed,4,17
930,2023-06-11 22:40:00,PES267375350,allowed,2,9
931,2023-03-13 22:37:05,PES565801057,not allowed,3,1
932,2023-08-02 17:16:11,PES101064844,allowed,1,25
933,2023-09-19 07:18:59,PES710036727,not allowed,4,23
934,2023-12-28 00:56:28,PES769294644,allowed,2,4
935,2023-04-19 16:34:39,PES938339278,allowed,2,6
936,2023-05-22 02:47:44,PES443099690,not allowed,3,1
937,2023-12-06 23:48:12,PES918975939,not allowed,1,6
938,2023-07-08 05:48:45,PES902373410,allowed,4,1
939,2023-07-09 07:42:19,PES647102942,allowed,3,4
940,2023-12-19 06:20:52,PES460030172,allowed,3,25
941,2023-07-11 09:42:53,PES069377735,not allowed,2,20
942,2023-08-21 08:23:36,PES997020837,not allowed,4,10
943,2023-11-01 08:16:23,PES577367533,allowed,2,9
944,2023-10-04 18:58:38,PES045067088,not allowed,3,28
945,2023-07-02 08:38:12,PES684849987,not allowed,2,20
946,2023-07-11 10:45:18,PES567530534,allowed,4,20
947,2023-11-29 13:44:00,PES891386640,allowed,4,3
948,2023-06-17 11:18:11,PES929866830,not allowed,4,5
949,2023-03-13 07:52:44,PES318388245,allowed,4,2
950,2023-09-25 15:32:44,PES980317611,allowed,4,15
951,2023-03-31 06:27:57,PES541949124,not allowed,4,12
952,2023-01-08 13:22:29,PES976837905,not allowed,4,22
953,2023-08-03 16:46:19,PES211766964,allowed,4,15
954,2023-12-04 17:01:03,PES815189145,allowed,3,14
955,2023-06-10 03:17:36,PES277670576,allowed,2,8
956,2023-05-27 14:27:39,PES227246044,not allowed,1,6
957,2023-03-25 16:32:11,PES313244002,allowed,3,18
958,2023-08-31 14:40:38,PES127674734,not allowed,1,3
959,2023-09-15 08:09:01,PES709962764,allowed,2,8
960,2023-11-03 10:12:09,PES765385461,not allowed,4,26
961,2023-07-29 18:53:08,PES401691126,not allowed,3,27
962,2023-02-08 02:19:05,PES615185248,not allowed,2,7
963,2023-06-04 20:01:28,PES879587933,not allowed,2,5
964,2023-06-15 02:15:29,PES887718864,allowed,2,27
965,2023-10-23 01:16:40,PES748233123,allowed,4,18
966,2023-09-25 02:42:00,PES188405599,allowed,4,2
967,2023-11-07 12:14:25,PES151149382,not allowed,2,29
968,2023-12-23 20:48:30,PES807976928,not allowed,3,30
969,2023-10-06 23:56:37,PES327538818,allowed,1,15
970,2023-10-11 20:53:42,PES367755304,not allowed,2,25
971,2023-05-26 03:34:44,PES103842171,not allowed,2,15
972,2023-03-14 20:37:57,PES090154716,not allowed,3,20
973,2023-01-30 11:33:31,PES681453200,allowed,3,1
974,2023-07-14 11:14:40,PES523125497,allowed,2,17
975,2023-03-04 22:39:10,PES709652658,not allowed,3,14
976,2023-02-17 21:35:59,PES076101660,allowed,2,28
977,2023-06-16 01:55:27,PES093854449,not allowed,3,18
978,2023-01-07 03:36:55,PES576603659,not allowed,1,10
979,2023-11-17 00:46:19,PES692305378,allowed,4,16
980,2023-10-02 09:59:17,PES659272758,allowed,1,30
981,2023-05-06 10:48:48,PES859510991,not allowed,3,11
982,2023-10-21 04:07:33,PES013040190,not allowed,1,23
983,2023-06-25 19:55:11,PES815647280,not allowed,4,13
984,2023-11-17 03:48:44,PES363979784,allowed,4,4
985,2023-11-21 23:23:58,PES030401428,allowed,4,12
986,2023-03-08 10:44:03,PES431442682,not allowed,2,29
987,2023-06-03 13:53:42,PES230022793,not allowed,4,17
988,2023-08-22 18:49:05,PES378503817,not allowed,3,25
989,2023-11-11 14:52:29,PES903020919,allowed,1,26
990,2023-05-02 04:41:59,PES113928606,allowed,2,14
991,2023-12-23 02:22:05,PES186817823,allowed,1,25
992,2023-07-15 17:59:08,PES067157337,not allowed,2,8
993,2023-10-12 12:58:46,PES912836414,allowed,4,5
994,2023-05-06 19:16:44,PES313004896,allowed,1,1
995,2023-08-12 15:21:03,PES433769517,allowed,2,21
996,2023-03-10 04:40:48,PES125450296,allowed,3,12
997,2023-06-11 12:21:52,PES545665001,not allowed,3,2
998,2023-12-09 18:02:41,PES572933426,not allowed,2,21
999,2023-12-20 12:50:57,PES632766120,not allowed,3,7
1000,2023-12-07 13:43:20,PES792894973,not allowed,1,21
